{"cameraMode":{"drawMode":0,"name":"Shaded","section":"Shading Mode"},"sceneLighting":true,"audioPlay":false,"sceneViewState":{"m_AlwaysRefresh":false,"showFog":true,"showSkybox":true,"showFlares":true,"showImageEffects":true,"showParticleSystems":true,"showVisualEffectGraphs":true,"m_FxEnabled":true},"in2DMode":false,"pivot":{"x":1.057115912437439,"y":-2.7314066886901857,"z":1.4471979141235352},"rotation":{"x":-0.3738492727279663,"y":-0.03865588828921318,"z":0.015595447272062302,"w":-0.9265666007995606},"size":25.93171501159668,"orthographic":false}