{"cameraMode":{"drawMode":0,"name":"Shaded","section":"Shading Mode"},"sceneLighting":false,"audioPlay":false,"sceneViewState":{"m_AlwaysRefresh":false,"showFog":true,"showSkybox":false,"showFlares":true,"showImageEffects":true,"showParticleSystems":true,"showVisualEffectGraphs":true,"m_FxEnabled":true},"in2DMode":false,"pivot":{"x":0.3210512697696686,"y":-1.3576829433441163,"z":-2.240847110748291},"rotation":{"x":-0.0013386316131800414,"y":0.9747775197029114,"z":-0.2231025993824005,"w":-0.005848693195730448},"size":5.593505382537842,"orthographic":false}