{"cameraMode":{"drawMode":0,"name":"Shaded","section":"Shading Mode"},"sceneLighting":false,"audioPlay":false,"sceneViewState":{"m_AlwaysRefresh":false,"showFog":true,"showSkybox":false,"showFlares":true,"showImageEffects":true,"showParticleSystems":true,"showVisualEffectGraphs":true,"m_FxEnabled":true},"in2DMode":false,"pivot":{"x":0.6097525358200073,"y":0.06487798690795899,"z":-0.06390500068664551},"rotation":{"x":-0.25713202357292178,"y":-0.05620075389742851,"z":0.014979428611695767,"w":-0.9646387100219727},"size":3.740342855453491,"orthographic":false}